Name;Tag;Region
Rebels;REB;NA
Pirates;PIR;NA
Natives;NAT;NA
Sweden;SWE;Scandinavia
Denmark;DAN;Scandinavia
Finland;FIN;Scandinavia
Gotland;GOT;Scandinavia
Norway;NOR;Scandinavia
Holstein;SHL;Scandinavia
Scandinavia;SCA;Scandinavia
Estonia;EST;Scandinavia
Livonia;LVA;Scandinavia
Sapmi;SMI;Scandinavia
Karelia;KRL;Scandinavia
Iceland;ICE;Scandinavia
Achaea;ACH;Balkans
Albania;ALB;Balkans
Athens;ATH;Balkans
Bosnia;BOS;Balkans
Bulgaria;BUL;Balkans
Byzantium;BYZ;Balkans
Corfu;CEP;Balkans
Croatia;CRO;Balkans
Crete;CRT;Balkans
Cyprus;CYP;Balkans
Epirus;EPI;Balkans
Greece;GRE;Balkans
The Knights;KNI;Asia Minor
Morea;MOE;Balkans
Moldavia;MOL;Balkans
Montenegro;MON;Balkans
Naxos;NAX;Balkans
Ragusa;RAG;Balkans
Romania;RMN;Balkans
Serbia;SER;Balkans
Transylvania;TRA;Balkans
Wallachia;WAL;Balkans
Hungary;HUN;Balkans
Nitra;SLO;Balkans
Ottomans;TUR;Asia Minor
Clanricarde;CNN;British Isles
Cornwall;CRN;British Isles
England;ENG;British Isles
Leinster;LEI;British Isles
Ireland;IRE;British Isles
Thomond;MNS;British Isles
Scotland;SCO;British Isles
Tyrone;TYR;British Isles
Wales;WLS;British Isles
Northumberland;NOL;British Isles
Great Britain;GBR;British Isles
Meath;MTH;British Isles
Ulster;ULS;British Isles
Desmond;DMS;British Isles
Sligo;SLN;British Isles
Kildare;KID;British Isles
Gaeldom;HSC;British Isles
Brazil;BRZ;Colonies
Canada;CAN;Colonies
Chile;CHL;Colonies
Colombia;COL;Colonies
Haiti;HAT;Colonies
La Plata;LAP;Colonies
Louisiana;LOU;Colonies
Mexico;MEX;Colonies
Peru;PEU;Colonies
Paraguay;PRG;Colonies
Quebec;QUE;Colonies
United Central America;CAM;Colonies
United States;USA;Colonies
Venezuela;VNZ;Colonies
Australia;AUS;Colonies
Danzig;DNZ;Eastern Europe
Krakow;KRA;Eastern Europe
Lithuania;LIT;Eastern Europe
Livonian Order;LIV;Eastern Europe
Mazovia;MAZ;Eastern Europe
Poland;POL;Eastern Europe
Prussia;PRU;Eastern Europe
Kurland;KUR;Eastern Europe
Riga;RIG;Eastern Europe
Teutonic Order;TEU;Eastern Europe
Commonwealth;PLC;Eastern Europe
Galicia–Volhynia;VOL;Eastern Europe
Kiev;KIE;Eastern Europe
Chernigov;CHR;Eastern Europe
Odoyev;OKA;Russia
Alençon;ALE;France
Alsace;ALS;Germany
Armagnac;AMG;France
Auvergne;AUV;France
Avignon;AVI;France
Bourbonnais;BOU;France
Brittany;BRI;France
Burgundy;BUR;France
Champagne;CHP;France
Corsica;COR;Italy
Dauphine;DAU;France
Foix;FOI;France
France;FRA;France
Gascony;GUY;France
Nevers;NEV;France
Normandy;NRM;France
Orleans;ORL;France
Picardy;PIC;France
Provence;PRO;France
Sardinia-Piedmont;SPI;Italy
Toulouse;TOU;France
Berry;BER;France
Aachen;AAC;Germany
Anhalt;ANH;Germany
Ansbach;ANS;Germany
Augsburg;AUG;Germany
Baden;BAD;Germany
Bavaria;BAV;Germany
Bohemia;BOH;Eastern Europe
Brandenburg;BRA;Germany
Bremen;BRE;Germany
Brunswick;BRU;Germany
East Frisia;EFR;Germany
Frankfurt;FRN;Germany
Germany;GER;Germany
Austria;HAB;Germany
Hamburg;HAM;Germany
Hannover;HAN;Germany
Hesse;HES;Germany
Holy Roman Empire;HLR;Germany
Cleves;KLE;Germany
Cologne;KOL;Germany
Saxe-Lauenburg;LAU;Germany
Lorraine;LOR;France
Lüneburg;LUN;Germany
Magdeburg;MAG;Germany
Mainz;MAI;Germany
Meissen;MEI;Germany
Mecklenburg;MKL;Germany
Münster;MUN;Germany
Moravia;MVA;Eastern Europe
Oldenburg;OLD;Germany
The Palatinate;PAL;Germany
Pomerania;POM;Germany
Saxony;SAX;Germany
Silesia;SIL;Eastern Europe
Salzburg;SLZ;Germany
Styria;STY;Germany
Switzerland;SWI;Germany
Thuringia;THU;Germany
Tirol;TIR;Germany
Trier;TRI;Germany
Ulm;ULM;Germany
Wurzburg;WBG;Germany
Westphalia;WES;Germany
Wurttemberg;WUR;Germany
Nuremberg;NUM;Germany
Memmingen;MEM;Germany
Verden;VER;Germany
Nassau;NSA;Germany
Ravensburg;RVA;Germany
Dithmarschen;DTT;Germany
Aragon;ARA;Iberia
Castile;CAS;Iberia
Catalonia;CAT;Iberia
Granada;GRA;Iberia
Navarra;NAV;Iberia
Portugal;POR;Iberia
Spain;SPA;Iberia
Galicia;GAL;Iberia
León;LON;Iberia
Andalusia;ADU;Iberia
Aquileia;AQU;Italy
Etruria;ETR;Italy
Ferrara;FER;Italy
Genoa;GEN;Italy
Italy;ITA;Italy
Mantua;MAN;Italy
Milan;MLO;Italy
Modena;MOD;Italy
Naples;NAP;Italy
The Papal State;PAP;Italy
Parma;PAR;Italy
Pisa;PIS;Italy
Sardinia;SAR;Italy
Savoy;SAV;Italy
Sicily;SIC;Italy
Siena;SIE;Italy
Tuscany;TUS;Italy
Urbino;URB;Italy
Venice;VEN;Italy
Montferrat;MFA;Italy
Lucca;LUC;Italy
Florence;LAN;Italy
Malta;JAI;Italy
Brabant;BRB;Low Countries
Flanders;FLA;Low Countries
Friesland;FRI;Low Countries
Gelre;GEL;Low Countries
Hainaut;HAI;Low Countries
Holland;HOL;Low Countries
Liege;LIE;Low Countries
Luxembourg;LUX;Low Countries
Netherlands;NED;Low Countries
Utrecht;UTR;Low Countries
Armenia;ARM;Caucasia
Astrakhan;AST;Russia
Crimea;CRI;Russia
Georgia;GEO;Caucasia
Kazan;KAZ;Russia
Muscovy;MOS;Russia
Novgorod;NOV;Russia
Pskov;PSK;Russia
Qasim;QAS;Russia
Russia;RUS;Russia
Ryazan;RYA;Russia
Tver;TVE;Russia
Ruthenia;UKR;Russia
Yaroslavl;YAR;Russia
Zaporozhie;ZAZ;Russia
Nogai;NOG;Central Asia
Sibir;SIB;Russia
Polotsk;PLT;Russia
Perm;PRM;Russia
Theodoro;FEO;Russia
Bashkiria;BSH;Russia
Beloozero;BLO;Russia
Rostov;RSO;Russia
Great Horde;GOL;Russia
Golden Horde;GLH;Russia
Aden;ADE;Arabia
Haasa;ALH;Arabia
Anizah;ANZ;Arabia
Arabia;ARB;Arabia
Ardalan;ARD;Arabia
Soran;BHT;Arabia
Dawasir;DAW;Arabia
Eretna;ERE;Arabia
Fadl;FAD;Arabia
Germiyan;GRM;Arabia
Hadramut;HDR;Arabia
Hejaz;HED;Arabia
Lebanon;LEB;Arabia
Makuria;MAK;Arabia
Medina;MDA;Arabia
Mikhlaf;MFL;Arabia
Mahra;MHR;Arabia
Najd;NAJ;Arabia
Najran;NJR;Arabia
Oman;OMA;Arabia
Rassids;RAS;Arabia
Shammar;SHM;Arabia
Sharjah;SHR;Arabia
Shirvan;SRV;Arabia
Yas;YAS;Arabia
Yemen;YEM;Arabia
Hisn Kayfa;HSN;Arabia
Bitlis;BTL;Arabia
Aq Qoyunlu;AKK;Asia Minor
Aydin;AYD;Asia Minor
Candar;CND;Asia Minor
Dulkadir;DUL;Asia Minor
Iraq;IRQ;Asia Minor
Karaman;KAR;Asia Minor
Syria;SYR;Middle East
Trebizond;TRE;Asia Minor
Saruhan;SRU;Asia Minor
Mentese;MEN;Asia Minor
Ramazan;RAM;Asia Minor
Avaria;AVR;Asia Minor
Kharabakh;MLK;Asia Minor
Samtskhe;SME;Asia Minor
Ardabil;ARL;Asia Minor
Mushasha;MSY;Asia Minor
Rûm;RUM;Asia Minor
Algiers;ALG;Maghreb
Fez;FEZ;Maghreb
Mamluks;MAM;Middle East
Morocco;MOR;Maghreb
Tripoli;TRP;Maghreb
Tunis;TUN;Maghreb
Egypt;EGY;Middle East
Kabylia;KBA;Maghreb
Tafilalt;TFL;Maghreb
Sus;SOS;Maghreb
Tlemcen;TLC;Maghreb
Touggourt;TGT;Maghreb
Djerid;GHD;Maghreb
Fezzan;FZA;Maghreb
Mzab;MZB;Maghreb
Kazakh;KZH;Central Asia
Khiva;KHI;Central Asia
Uzbek;SHY;Central Asia
Kokkand;KOK;Central Asia
Bukhara;BUK;Central Asia
Afghanistan;AFG;Persia
Khorasan;KHO;Persia
Persia;PER;Persia
Qara Qoyunlu;QAR;Persia
Timurids;TIM;Persia
Transoxiana;TRS;Persia
Gilan;KRY;Persia
Circassia;CIR;Persia
Gazikumukh;GAZ;Persia
Imereti;IME;Persia
Mazandaran;TAB;Persia
Hormuz;ORM;Persia
Luristan;LRI;Persia
Sistan;SIS;Persia
Biapas;BPI;Persia
Fars;FRS;Persia
Kerman;KRM;Persia
Yazd;YZD;Persia
Isfahan;ISF;Persia
Tabriz;TBR;Persia
Basra;BSR;Persia
Maregheh;MGR;Persia
Ajam;QOM;Persia
Aztec;AZT;Central America
Cherokee;CHE;North America
Chimu;CHM;South America
Creek;CRE;North America
Huron;HUR;North America
Inca;INC;South America
Iroquois;IRO;North America
Maya;MAY;Central America
Shawnee;SHA;North America
Zapotec;ZAP;Central America
Ashanti;ASH;West Africa
Benin;BEN;West Africa
Ethiopia;ETH;East Africa
Kongo;KON;Kongo
Mali;MAL;West Africa
Funj;NUB;West Africa
Songhai;SON;West Africa
Kilwa;ZAN;East Africa
Mutapa;ZIM;East Africa
Adal;ADA;East Africa
Hausa;HAU;West Africa
Kanem Bornu;KBO;West Africa
Loango;LOA;Kongo
Oyo;OYO;West Africa
Segu;SOF;West Africa
Sokoto;SOK;West Africa
Jolof;JOL;West Africa
Sofala;SFA;East Africa
Mombasa;MBA;East Africa
Malindi;MLI;East Africa
Ajuuraan;AJU;East Africa
Mogadishu;MDI;East Africa
Ennarea;ENA;East Africa
Aussa;AFA;East Africa
Alodia;ALO;East Africa
Darfur;DAR;East Africa
Geledi;GLE;East Africa
Harar;HAR;East Africa
Hobyo;HOB;East Africa
Kaffa;KAF;East Africa
Medri Bahri;MED;East Africa
Majeerteen;MJE;East Africa
Marehan;MRE;East Africa
Pate;PTE;East Africa
Warsangali;WAR;East Africa
Semien;BTI;East Africa
Beja;BEJ;East Africa
Jima;JIM;West Africa
Welayta;WLY;East Africa
Damot;DAM;East Africa
Hadiya;HDY;East Africa
Shewa;SOA;East Africa
Janjiro;JJI;East Africa
Dongola;ABB;East Africa
Tyo;TYO;Kongo
Soyo;SYO;Kongo
Kasanje;KSJ;Kongo
Luba;LUB;Central Africa
Lunda;LND;Kongo
Chokwe;CKW;Central Africa
Kikondja;KIK;Central Africa
Kazembe;KZB;Central Africa
Yaka;YAK;Kongo
Kalundwe;KLD;Central Africa
Kuba;KUB;Central Africa
Rwanda;RWA;Central Africa
Burundi;BUU;Central Africa
Buganda;BUG;Central Africa
Nkore;NKO;Central Africa
Karagwe;KRW;Central Africa
Bunyoro;BNY;Central Africa
Busoga;BSG;Central Africa
Buha;UBH;Central Africa
Maravi;MRA;East Africa
Lundu;LDU;East Africa
Tumbuka;TBK;East Africa
Makua;MKU;East Africa
Butua;RZW;East Africa
Imerina;MIR;Madagascar
Sakalava;SKA;Madagascar
Betsimisaraka;BTS;Madagascar
Mahafaly;MFY;Madagascar
Antemoro;ANT;Madagascar
Annam;ANN;Indochina
Arakan;ARK;Indochina
Aceh;ATJ;Indonesia
Ayutthaya;AYU;Indochina
Bali;BLI;Indonesia
Banten;BAN;Indonesia
Brunei;BEI;Indonesia
Champa;CHA;Indonesia
Chagatai;CHG;Mongolia
Champasak;CHK;Indochina
Dai Viet;DAI;Indochina
Japan;JAP;Far East
Amago;AMA;Far East
Asakura;ASA;Far East
Chosokabe;CSK;Far East
Date;DTE;Far East
Hojo;HJO;Far East
Hosokawa;HSK;Far East
Hatakeyama;HTK;Far East
Ikeda;IKE;Far East
Imagawa;IMG;Far East
Maeda;MAE;Far East
Mori;MRI;Far East
Oda;ODA;Far East
Otomo;OTM;Far East
Ouchi;OUC;Far East
Shiba;SBA;Far East
Shimazu;SMZ;Far East
Takeda;TKD;Far East
Tokugawa;TKG;Far East
Uesugi;UES;Far East
Yamana;YMN;Far East
Nanbu;RFR;Far East
Ashikaga;ASK;Far East
Ainu;ANU;Far East
Akamatsu;AKM;Far East
Ando;AKT;Far East
Chiba;CBA;Far East
Isshiki;ISK;Far East
Ito;ITO;Far East
Kikuchi;KKC;Far East
Kono;KNO;Far East
Ogasawara;OGS;Far East
Shoni;SHN;Far East
Satake;STK;Far East
Toki;TKI;Far East
Utsunomiya;UTN;Far East
Tsutsui;TTI;Far East
Mongolia;KHA;Mongolia
Khmer;KHM;Indochina
Korea;KOR;Far East
Lan Na;LNA;Indochina
Luang Prabang;LUA;Indochina
Lan Xang;LXA;Indochina
Majapahit;MAJ;Indonesia
Manchu;MCH;Manchuria
Makassar;MKS;Indonesia
Malacca;MLC;Indonesia
Ming;MNG;China
Mataram;MTR;Indonesia
Oirat;OIR;Mongolia
Pattani;PAT;Indonesia
Pegu;PEG;Indochina
Qing;QNG;Manchuria
Ryukyu;RYU;Far East
Shan;SST;Indochina
Sukhothai;SUK;Indochina
Sulu;SUL;Indonesia
Taungu;TAU;Indochina
Tibet;TIB;Tibet
Tonkin;TOK;Indochina
Vientiane;VIE;Indochina
Zhou;CZH;China
Shun;CSH;China
Xi;CXI;China
Yuan;YUA;Mongolia
Yeren;MYR;Manchuria
Haixi;MHX;Manchuria
Jianzhou;MJZ;Manchuria
Korchin;KRC;Mongolia
Khalkha;KLK;Mongolia
Kara Del;HMI;Mongolia
Zunghar;ZUN;Mongolia
Yarkand;KAS;Central Asia
Chahar;CHH;Mongolia
Khoshuud;KSD;Tibet
Sarig Yogir;SYG;Tibet
U-tsang;UTS;Tibet
Kham;KAM;Tibet
Guge;GUG;Tibet
Dali;CDL;China
Yi;CYI;China
Miao;CMI;China
Min;MIN;China
Yue;YUE;China
Shu;SHU;China
Ning;NNG;China
Chu;CHC;China
Tang;TNG;China
Wu;WUU;China
Qi;QIC;China
Yan;YAN;China
Jin;JIN;China
Liang;LNG;China
Qin;QIN;China
Huai;HUA;China
Changsheng;CGS;Indochina
Baluchistan;BAL;Persia
Bengal;BNG;India
Bijapur;BIJ;India
Bahmanis;BAH;India
Delhi;DLH;India
Golkonda;GOC;India
Deccan;DEC;India
Marathas;MAR;India
Mughals;MUG;India
Mysore;MYS;India
Vijayanagar;VIJ;India
Ahmednagar;AHM;India
Assam;ASS;India
Gujarat;GUJ;India
Jaunpur;JNP;India
Madurai;MAD;India
Malwa;MLW;India
Marwar;MAW;India
Mewar;MER;India
Multan;MUL;India
Nagpur;NAG;India
Nepal;NPL;India
Orissa;ORI;India
Punjab;PUN;India
Sind;SND;India
Berar;BRR;India
Jangladesh;JAN;India
Carnatic;KRK;India
Gondwana;GDW;India
Garjat;GRJ;India
Gwalior;GWA;India
Dhundhar;DHU;India
Kashmir;KSH;India
Keladi;KLN;India
Khandesh;KHD;India
Oudh;ODH;India
Venad;VND;India
Malabar;MAB;India
Mewat;MEW;India
Baroda;BDA;India
Bastar;BST;India
Bhutan;BHU;Tibet
Bundelkhand;BND;India
Ceylon;CEY;India
Jaisalmer;JSL;India
Kachar;KAC;Indochina
Koch;KMT;India
Kangra;KGR;India
Kathiawar;KAT;India
Kochin;KOC;India
Manipur;MLB;Indochina
Hadoti;HAD;India
Nagaur;NGA;India
Rohilkhand;RMP;India
Ladakh;LDK;India
Bagelkhand;BGL;India
Jaffna;JFN;India
Patiala;PTA;India
Garhwal;GHR;India
Chanda;CHD;India
Jharkhand;NGP;India
Habsan;JAJ;India
Tirhut;TRT;India
Rewa Kantha;CMP;India
Baglana;BGA;India
Tripura;TPR;Indochina
Sadiya;SDY;India
Bharat;BHA;India
Andhra;YOR;India
Maldives;DGL;India
Bar;BAR;France
Lübeck;HSA;Eastern Europe
Smolensk;SMO;Russia
Nizhny Novgorod;NZH;Russia
Jerusalem;KOJ;Middle East
Malaya;MSA;Indonesia
Hindustan;HIN;India
Abenaki;ABE;North America
Apache;APA;North America
Assiniboine;ASI;North America
Blackfoot;BLA;North America
Caddo;CAD;North America
Chickasaw;CHI;North America
Choctaw;CHO;North America
Cheyenne;CHY;North America
Comanche;COM;North America
Fox;FOX;North America
Illiniwek;ILL;North America
Lenape;LEN;North America
Mahican;MAH;North America
Mikmaq;MIK;North America
Miami;MMI;North America
Navajo;NAH;North America
Ojibwe;OJI;North America
Osage;OSA;North America
Ottawa;OTT;North America
Pawnee;PAW;North America
Pequot;PEQ;North America
Pima;PIM;North America
Potawatomi;POT;North America
Powhatan;POW;North America
Pueblo;PUE;North America
Shoshone;SHO;North America
Sioux;SIO;North America
Susquehannock;SUS;North America
Cree;WCR;North America
Air;AIR;West Africa
Bonoman;BON;West Africa
Dahomey;DAH;West Africa
Dagbon;DGB;West Africa
Fulo;FUL;West Africa
Jenné;JNN;West Africa
Kano;KAN;West Africa
Kaabu;KBU;West Africa
Kong;KNG;West Africa
Katsina;KTS;West Africa
Mossi;MSI;West Africa
Nupe;NUP;West Africa
Timbuktu;TMB;West Africa
Yao;YAO;West Africa
Yatenga;YAT;West Africa
Macina;ZAF;West Africa
Zazzau;ZZZ;West Africa
Ndongo;NDO;Kongo
Ava;AVA;Indochina
Hsenwi;HSE;Indochina
Johor;JOH;Indonesia
Kedah;KED;Indonesia
Ligor;LIG;Indonesia
Muan Phuang;MPH;Indochina
Mong Yang;MYA;Indochina
Perak;PRK;Indonesia
Chukchi;CHU;Siberia
Khodynt;HOD;Siberia
Chavchuveny;CHV;Siberia
Kamchadals;KMC;Siberia
Buryatia;BRT;Siberia
Arapaho;ARP;North America
Colima;CLM;Central America
Chinook;CNK;North America
Cocomes;COC;Central America
Haida;HDA;North America
Itza;ITZ;Central America
Kiche;KIC;Central America
Kiowa;KIO;North America
Mixtec;MIX;Central America
Salish;SAL;North America
Tarascan;TAR;Central America
Tlapanec;TLA;Central America
Tlaxcala;TLX;Central America
Totonac;TOT;Central America
Wichita;WIC;North America
Xiu;XIU;Central America
Blambangan;BLM;Indonesia
Buton;BTN;Indonesia
Cirebon;CRB;Indonesia
Demak;DMK;Indonesia
Pagarruyung;PGR;Indonesia
Palembang;PLB;Indonesia
Pasai;PSA;Indonesia
Siak;SAK;Indonesia
Sunda;SUN;Indonesia
Kutai;KUT;Indonesia
Banjar;BNJ;Indonesia
Lanfang;LFA;Indonesia
Lanao;LNO;Indonesia
Luwu;LUW;Indonesia
Maguindanao;MGD;Indonesia
Ternate;TER;Indonesia
Tidore;TID;Indonesia
Cusco;CSU;South America
Calchaqui;CCQ;South America
Mapuche;MPC;South America
Muisca;MCA;South America
Quito;QTO;South America
Cajamarca;CJA;South America
Huyla;HJA;South America
Potiguara;PTG;South America
Tupiniquim;TPQ;South America
Tupinamba;TPA;South America
Tapuia;TUA;South America
Guarani;GUA;South America
Charrua;CUA;South America
Wanka;WKA;South America
Chachapoya;CYA;South America
Colla;CLA;South America
Charca;CRA;South America
Pacajes;PCJ;South America
Arawak;ARW;South America
Carib;CAB;South America
Ichma;ICM;South America
Alessandria;AAA ;Voltaire
Alba;AAB ;Voltaire
AdriaticIslands;AAI ;Voltaire
Aalen;AAL;Voltaire
Aargau;AAR ;Voltaire
Abenberg;ABE ;Voltaire
Albenga;ABG ;Voltaire
Abensberg;ABN ;Voltaire
Albret;ABR ;Voltaire
IarConnacht;ACN ;Voltaire
Andechs;ADE ;Voltaire
Andorra;ADR ;Voltaire
AlGharb;AGB ;Voltaire
Algeciras;AGC ;Voltaire
Angouleme;AGO ;Voltaire
Agrigento;AGR ;Voltaire
Algarve;AGV ;Voltaire
Ahaus;AHA;Voltaire
TirAinmhireach;AIN ;Voltaire
Almeria;ALM ;Voltaire
Alpuente;ALP ;Voltaire
Oldambt;AMB;Voltaire
Ameland;AME;Voltaire
Amalfi;AML;Voltaire
Ancona;ANC;Voltaire
AnjouState;ANJ ;Voltaire
Albi;ANM ;Voltaire
Arborea;AOE ;Voltaire
Aosta;AOS;Voltaire
Apulia;APL ;Voltaire
Apremont;APR ;Voltaire
Appenzell;APZ;Voltaire
AquiTerme;AQE ;Voltaire
Aquitaine;AQT ;Voltaire
Arenberg;ARB ;Voltaire
Arcos;ARC ;Voltaire
Arianiti;ARI ;Voltaire
Arnsberg;ARN ;Voltaire
Arpitania;ARP ;Voltaire
Albarracin;ARR ;Voltaire
Arnstein;ARS ;Voltaire
Ascoli;ASC;Voltaire
ASEngland;ASE ;Voltaire
Asti;AST;Voltaire
Assisi;ASZ ;Voltaire
Arta;ATA ;Voltaire
Artois;ATO;Voltaire
Asturias;ATR ;Voltaire
Auricherland;AUC ;Voltaire
Aukstaitia;AUK ;Voltaire
Aunis;AUN ;Voltaire
KingdomofValencia;AVL ;Voltaire
Aversa;AVS ;Voltaire
Argyll;AYL ;Voltaire
Arezzo;AZZ;Voltaire
Blamont;BAA;Voltaire
Barsei;BAE ;Voltaire
BmAugsburg;BAU;Voltaire
Bamberg;BBB;Voltaire
Biberach;BBR;Voltaire
BmBrandenburg;BBX;Voltaire
Bruchhausen;BCH;Voltaire
Brescia;BCI ;Voltaire
Brodnici;BDC ;Voltaire
Bonndorf;BDF ;Voltaire
Berladnici;BDI ;Voltaire
Badajoz;BDJ ;Voltaire
Bederkesa;BDK ;Voltaire
Bodonitsa;BDN ;Voltaire
Badenweiler;BDW;Voltaire
Beaujeu;BEA ;Voltaire
Bearn;BEB ;Voltaire
Brega;BEE ;Voltaire
Berga;BEG ;Voltaire
Breisgau;BGA;Voltaire
Belgrade;BGD ;Voltaire
Bergamo;BGM ;Voltaire
Bornego;BGO;Voltaire
Bigorre;BGR ;Voltaire
BmRegensburg;BGS;Voltaire
Belgium;BGU;Voltaire
Burgau;BGX;Voltaire
Buchhorn;BHH;Voltaire
Brehna;BHN ;Voltaire
Baja;BJA ;Voltaire
Bojano;BJN ;Voltaire
Blankenburg;BKX;Voltaire
Biscay;BKY ;Voltaire
Bologna;BLG;Voltaire
Blahnita;BLH ;Voltaire
Bouillon;BLL ;Voltaire
Belmont;BLM ;Voltaire
Blois;BLO ;Voltaire
Belarus;BLR ;Voltaire
Bilstein;BLS ;Voltaire
Belluno;BLU ;Voltaire
BmBasel;BMB;Voltaire
BMeissen;BME;Voltaire
BmKonstanz;BMK;Voltaire
BmLubeck;BML;Voltaire
BmMetz;BMM;Voltaire
BmSpeyer;BMS;Voltaire
BmToul;BMT;Voltaire
BmVerdun;BMV;Voltaire
Branach;BNA ;Voltaire
BeniAbbas;BNB ;Voltaire
Benevento;BNE;Voltaire
Boireann;BNN ;Voltaire
Bentheim;BNT;Voltaire
Burnaz;BNZ ;Voltaire
Bobbio;BOB ;Voltaire
Bolohoveni;BOO ;Voltaire
Bopfingen;BPF;Voltaire
Boppard;BPP ;Voltaire
Barcelona;BRC ;Voltaire
Breda;BRD;Voltaire
Breiene;BRF ;Voltaire
Berg;BRG;Voltaire
Brecon;BRK ;Voltaire
Bern;BRN;Voltaire
Borsod;BRS ;Voltaire
Berat;BRT ;Voltaire
Briey;BRY ;Voltaire
Brzeg;BRZ;Voltaire
Besancon;BSC;Voltaire
Basel;BSL;Voltaire
Bresse;BSS ;Voltaire
Besalu;BSU ;Voltaire
Barta;BTA ;Voltaire
Berchtesgaden;BTG;Voltaire
Barth;BTH;Voltaire
Berestye;BTY ;Voltaire
Buchau;BUC;Voltaire
Butenheim;BUH ;Voltaire
Builth;BUI ;Voltaire
BmSchwerin;BWX;Voltaire
Brixen;BXI;Voltaire
Bytom;BYT;Voltaire
Baragan;BZG ;Voltaire
Bizerte;BZT ;Voltaire
Cagli;CAL ;Voltaire
Carrara;CAR;Voltaire
Crebilly;CBL ;Voltaire
Coimbra;CBR ;Voltaire
Clandeboye;CBY ;Voltaire
CorcuLoigde;CCL ;Voltaire
KingdomofCordoba;CCR ;Voltaire
Carcassonne;CCS ;Voltaire
Clancullen;CCU ;Voltaire
Ceredigion;CDE ;Voltaire
Codru;CDR ;Voltaire
Cerdanya;CDY ;Voltaire
Colditz;CDZ ;Voltaire
Ceangai;CEA ;Voltaire
Cesena;CES;Voltaire
Cagliari;CGL ;Voltaire
Correggio;CGO;Voltaire
KingdomofGranada;CGR ;Voltaire
Chairbre;CHB ;Voltaire
Chieti;CHT ;Voltaire
Cieszyn;CIE;Voltaire
KingdomofJaen;CJA ;Voltaire
Cuijk;CJK ;Voltaire
Ceklis;CKL ;Voltaire
Calenberg;CLB ;Voltaire
Cilli;CLI;Voltaire
Calw;CLW ;Voltaire
Cremona;CMA ;Voltaire
Cambrai;CMB;Voltaire
Commercy;CMC ;Voltaire
Chiemgau;CMG ;Voltaire
Cammin;CMM;Voltaire
Cumani;CMN ;Voltaire
Como;CMO ;Voltaire
Camerino;CMR;Voltaire
KingdomofMurcia;CMU ;Voltaire
Chiny;CNY ;Voltaire
Carmona;COA ;Voltaire
Colle;COE ;Voltaire
Cospaia;COS;Voltaire
Craiova;COV ;Voltaire
Carpegna;CPG;Voltaire
Capua;CPU;Voltaire
Cordoba;CRD ;Voltaire
Cork;CRK ;Voltaire
Crema;CRM ;Voltaire
Carpi;CRP;Voltaire
Cortona;CRT ;Voltaire
Corvey;CRV;Voltaire
Cherasco;CSC ;Voltaire
KingdomofSevilla;CSE ;Voltaire
Castello;CST ;Voltaire
Carinthia;CTH;Voltaire
KingdomofToledo;CTL ;Voltaire
CantrefMawr;CTM ;Voltaire
Chartes;CTS ;Voltaire
Calatayud;CTY ;Voltaire
Cuneo;CUE ;Voltaire
Ceva;CVA;Voltaire
Clavesana;CVL ;Voltaire
CityBremen;CYB;Voltaire
Donauworth;DAW;Voltaire
Doube;DBE ;Voltaire
Dublin;DBL ;Voltaire
Dannenberg;DDD ;Voltaire
Donegal;DGL ;Voltaire
Dorogobuzh;DGO ;Voltaire
Dagsburg;DGS ;Voltaire
Dohna;DHN;Voltaire
Worms;DIE;Voltaire
DixJuridictions;DIX;Voltaire
Dukagjini;DKG ;Voltaire
DonjiKraji;DKJ ;Voltaire
Dinkelsbuhl;DKL;Voltaire
Dillingen;DLL ;Voltaire
Dalmatia;DLM ;Voltaire
Deltuva;DLT ;Voltaire
Dortmund;DMD;Voltaire
Delmenhorst;DMH;Voltaire
Dithmarschen;DMR;Voltaire
Denia;DNA ;Voltaire
Dunantul;DNN ;Voltaire
Dunois;DNO ;Voltaire
Dainava;DNV ;Voltaire
Dolceacqua;DOL;Voltaire
Depenau;DPE ;Voltaire
Diepholz;DPH;Voltaire
Dresden;DRD ;Voltaire
Durne;DRN ;Voltaire
Dreux;DRX ;Voltaire
Durazzo;DRZ ;Voltaire
Darmstadt;DSD ;Voltaire
Dassel;DSS ;Voltaire
Duisburg;DUI ;Voltaire
Duvzare;DUZ ;Voltaire
Dewin;DWN ;Voltaire
Disentis;DXS;Voltaire
Dzukia;DZK ;Voltaire
AustriaHungary;EAH;Voltaire
Eberstein;EBE;Voltaire
Engelberg;EBG;Voltaire
Erbach;EBX;Voltaire
Eichstatt;ECH;Voltaire
Eger;EGE ;Voltaire
Enghien;EGH;Voltaire
Eile;EIL ;Voltaire
Elfael;ELF ;Voltaire
Ellwangen;ELL;Voltaire
Empuries;EMP ;Voltaire
Eschenlohe;ESC ;Voltaire
Emsigerland;ESG ;Voltaire
Este;EST ;Voltaire
Ernestinischelande;ETL ;Voltaire
Eu;EUU ;Voltaire
Everstein;EVE;Voltaire
Esslingen;EXS;Voltaire
Faenza;FAE;Voltaire
Fagaras;FAS ;Voltaire
Forbach;FBA;Voltaire
Friedberg;FBG;Voltaire
Fribourg;FBO;Voltaire
Fabriano;FBR ;Voltaire
UiFiachrach;FCH ;Voltaire
Forcalquier;FCL ;Voltaire
FrancheComte;FCM ;Voltaire
Federgo;FDG ;Voltaire
Fulda;FDX;Voltaire
Fife;FFE ;Voltaire
Foggia;FGA ;Voltaire
Frignano;FGN ;Voltaire
Fivelgo;FGO;Voltaire
FhearMai;FHM ;Voltaire
Finale;FIN;Voltaire
Fiume;FIU;Voltaire
Francia;FKE ;Voltaire
Franconia;FKN;Voltaire
Falkenstein;FKS;Voltaire
Foligno;FLG ;Voltaire
Fermanagh;FMA ;Voltaire
Fermo;FMO;Voltaire
Furstenberg;FNB;Voltaire
Finstingen;FNN;Voltaire
Fano;FNO;Voltaire
Forli;FRL;Voltaire
Forez;FRZ;Voltaire
Fosdinovo;FSD;Voltaire
Fossano;FSO ;Voltaire
Fossombrone;FSS;Voltaire
Fews;FWS ;Voltaire
Freising;FXI;Voltaire
Fleckenstein;FXK;Voltaire
Fiorenzuola;FZU ;Voltaire
Gaeta;GAE;Voltaire
Gubbio;GBB ;Voltaire
Grubenhagen;GBU ;Voltaire
Gleichen;GCH;Voltaire
Goldegg;GDG ;Voltaire
Gundelfingen;GDL ;Voltaire
Guadix;GDX ;Voltaire
Gelnhausen;GEH;Voltaire
Gevaudan;GEV ;Voltaire
Gengenbach;GGB ;Voltaire
Gargano;GGN ;Voltaire
Giengen;GIE;Voltaire
Gjirokaster;GJR ;Voltaire
Glarus;GLA;Voltaire
Galinda;GLD ;Voltaire
Glogow;GLG;Voltaire
Gallura;GLL ;Voltaire
Glamorgan;GLM ;Voltaire
Gailenga;GLN ;Voltaire
Gleichenstein;GLS ;Voltaire
Glynnes;GLY ;Voltaire
Gmund;GMU;Voltaire
Genf;GNF;Voltaire
Groningen;GNG;Voltaire
Geneva;GNV ;Voltaire
Gower;GOW ;Voltaire
Grise;GRX;Voltaire
Gorizia;GRZ;Voltaire
Goslar;GSL;Voltaire
Grosseto;GSS ;Voltaire
Guastalla;GST;Voltaire
Gottingen;GTT;Voltaire
Gutenzell;GTZ ;Voltaire
Vermandois;GUI ;Voltaire
Gwynedd;GWY ;Voltaire
Haag;HAA;Voltaire
Harbach;HBC ;Voltaire
Halberstadt;HBD;Voltaire
Hausberge;HBE ;Voltaire
Hohenburg;HBG;Voltaire
Heilbronn;HBN;Voltaire
Huckeswagen;HCK ;Voltaire
Hildesheim;HDS;Voltaire
Heiligenberg;HEI ;Voltaire
Helfenstein;HEL;Voltaire
Hagenau;HGA;Voltaire
HagenauFree;HGF;Voltaire
Hunsigo;HGO;Voltaire
Hohenberg;HHB;Voltaire
Hachberg;HHH;Voltaire
Hohnstein;HHN;Voltaire
Hirschberg;HIG ;Voltaire
Hall;HLL;Voltaire
Hohenlimburg;HLM;Voltaire
Hals;HLS ;Voltaire
Harlingerland;HLX;Voltaire
Himara;HMA ;Voltaire
Homburg;HMB ;Voltaire
Hanau;HNU;Voltaire
Hohenlohe;HOO;Voltaire
Hoorn;HOR;Voltaire
Hoya;HOY;Voltaire
Hornberg;HRB ;Voltaire
Humsterland;HST ;Voltaire
Hum;HUM ;Voltaire
Havelberg;HVB;Voltaire
Howen;HWN;Voltaire
Horburg;HXB ;Voltaire
Sigmaringen;HZS;Voltaire
IarBriefne;IAB ;Voltaire
Iasi;IAS ;Voltaire
Incisa;ICA;Voltaire
IorConnacht;ICN ;Voltaire
Ifriqiya;IFQ ;Voltaire
Islay;ILE ;Voltaire
Imola;IMO;Voltaire
Ingolstadt;ING;Voltaire
InisEoghain;INH ;Voltaire
Inntal;INN ;Voltaire
Isenburg;ISE;Voltaire
Isny;ISN;Voltaire
Iveagh;IVE ;Voltaire
Ivrea;IVR ;Voltaire
Jaen;JAE ;Voltaire
Julich;JCH;Voltaire
Jesi;JES ;Voltaire
Jerica;JRC ;Voltaire
Jersika;JRK ;Voltaire
Jawor;JWR;Voltaire
Kayserberg;KAY;Voltaire
Kidwelly;KDW ;Voltaire
Keenaght;KEE ;Voltaire
Konigsegg;KGG ;Voltaire
Hohengeroldseck;KGZ;Voltaire
Chur;KHR;Voltaire
Kiel;KIL;Voltaire
Koknese;KKN ;Voltaire
Kuku;KKU ;Voltaire
Katlenburg;KLB ;Voltaire
Klingenberg;KLG ;Voltaire
Lombardy;KLK;Voltaire
Castell;KLL;Voltaire
Klettgau;KLT ;Voltaire
Kulmas;KLU ;Voltaire
Kiralyfold;KLY ;Voltaire
Comminges;KMM ;Voltaire
Colmar;KMR;Voltaire
Kernev;KNV ;Voltaire
Konstanz;KNZ;Voltaire
CologneFree;KOF;Voltaire
God;KOG;Voltaire
KemptenFree;KPF;Voltaire
Kempten;KPT;Voltaire
Krivaja;KRJ ;Voltaire
Cornelimunster;KRM;Voltaire
Kran;KRN ;Voltaire
Krain;KRR;Voltaire
Karvuna;KRV ;Voltaire
Kerry;KRY ;Voltaire
Karesi;KSI ;Voltaire
Kastrioti;KST ;Voltaire
Kosovo;KSV ;Voltaire
Kaiserswerth;KSW ;Voltaire
Kalisz;KSZ ;Voltaire
Klettenberg;KTB ;Voltaire
Kaufbeuren;KUF;Voltaire
Kuilenburg;KUI ;Voltaire
Kujavia;KUJ ;Voltaire
Kursi;KUS ;Voltaire
Karsovia;KVA ;Voltaire
Kevernburg;KVR ;Voltaire
Kirchberg;KXR;Voltaire
Katzenelnbogen;KZB;Voltaire
Ladik;LAD ;Voltaire
Lobdeburg;LBD ;Voltaire
Limburg;LBG;Voltaire
Lesbos;LBO ;Voltaire
LombardyVenetia;LBV ;Voltaire
Luachra;LCH ;Voltaire
Lecan;LCN ;Voltaire
Lancaster;LCS ;Voltaire
Lodi;LDI ;Voltaire
Northlindau;LDU ;Voltaire
LatinEmpire;LEM ;Voltaire
Lerida;LER ;Voltaire
Laufenburg;LFB ;Voltaire
Lauffen;LFF ;Voltaire
LochGabhair;LGB ;Voltaire
Lengenerland;LGL;Voltaire
Lechsgemund;LGM ;Voltaire
Loigis;LGO ;Voltaire
Logudoro;LGU ;Voltaire
Roussillon;LGV ;Voltaire
Linoni;LII ;Voltaire
Leutkirch;LKK;Voltaire
Lucerne;LKR;Voltaire
Lamarche;LMA ;Voltaire
Limoges;LMO ;Voltaire
Limpurg;LMP;Voltaire
Lamata;LMT ;Voltaire
Leoniz;LNE ;Voltaire
Leisnig;LNG ;Voltaire
Legnica;LNN;Voltaire
Lindau;LNU;Voltaire
Loano;LOA;Voltaire
Lobavia;LOB ;Voltaire
Leonburg;LOE ;Voltaire
Loon;LOO ;Voltaire
Lupfen;LPF;Voltaire
Lippe;LPP;Voltaire
Lepanto;LPT ;Voltaire
Lorca;LRC ;Voltaire
Luirg;LRG ;Voltaire
Larino;LRN ;Voltaire
Landshut;LSH;Voltaire
Lutsk;LSK ;Voltaire
Lausanne;LSN ;Voltaire
Lausitz;LST;Voltaire
Leichtenstein;LSX;Voltaire
Lichtenberg;LTB;Voltaire
Lutici;LTC ;Voltaire
Lotharingia;LTH;Voltaire
Luchow;LUU ;Voltaire
Lietuva;LUV ;Voltaire
Lutzelstein;LUZ;Voltaire
Lovech;LVC ;Voltaire
Lovistea;LVI ;Voltaire
Lowenstein;LWS;Voltaire
Luxeuil;LXU;Voltaire
Lyon;LYO;Voltaire
Latium;LZO ;Voltaire
Liezizi;LZZ ;Voltaire
Galloway;MAF ;Voltaire
Murbach;MBC;Voltaire
Mosbach;MBK ;Voltaire
Murcia;MCA ;Voltaire
Macerata;MCE;Voltaire
Monaco;MCO;Voltaire
Manderscheid;MDS;Voltaire
Merania;MER ;Voltaire
Bregenz;MFO;Voltaire
Mansfeld;MFX;Voltaire
Yugoslavia;MGF ;Voltaire
Malaga;MGG ;Voltaire
MaghLuirg;MGL ;Voltaire
Misia;MII ;Voltaire
Minden;MIN;Voltaire
Mirandola;MIR;Voltaire
Misox;MIS;Voltaire
Mallorca;MLL ;Voltaire
Molina;MLN ;Voltaire
Merseburg;MMB;Voltaire
Mumu;MMU ;Voltaire
Maine;MNE ;Voltaire
Mani;MNI ;Voltaire
Monmouth;MNM ;Voltaire
Mann;MNN ;Voltaire
Menorca;MNR ;Voltaire
Muntenia;MNT ;Voltaire
Moosburg;MOB ;Voltaire
Mompelgard;MOM;Voltaire
Moormerland;MOO ;Voltaire
Mark;MRK;Voltaire
Moron;MRN ;Voltaire
Moers;MRS;Voltaire
Moravia;MRV;Voltaire
Minsk;MSK;Voltaire
MassaMarittima;MSM ;Voltaire
Masserano;MSS;Voltaire
Martulah;MTL ;Voltaire
Montepulciano;MTP ;Voltaire
Metz;MTZ;Voltaire
MulhausenAlsace;MUA;Voltaire
MunsterFree;MUF;Voltaire
Munchen;MUL;Voltaire
MulhausenThuringia;MUT;Voltaire
Munzenberg;MUZ ;Voltaire
Macedonia;MXD ;Voltaire
Massa;MXX;Voltaire
Mayurqa;MYU ;Voltaire
Murizzi;MZZ ;Voltaire
Neuburg;NBG ;Voltaire
Neuchatel;NCH;Voltaire
Nidda;NDD;Voltaire
Nadrauwa;NDR ;Voltaire
Nidwalden;NDW;Voltaire
Nemours;NEM ;Voltaire
NorthGermanConfederation;NGC;Voltaire
Nograd;NGD ;Voltaire
Leuchtenberg;NGF;Voltaire
Negroponte;NGR ;Voltaire
Nice;NIC;Voltaire
Niebla;NIE ;Voltaire
Nikaia;NKA ;Voltaire
Novellara;NLA;Voltaire
Noli;NLI;Voltaire
Nalsia;NLS ;Voltaire
Nellenburg;NLX;Voltaire
Namur;NMR;Voltaire
Naumburg;NMU;Voltaire
Namyslow;NMY;Voltaire
Leiningen;NNG;Voltaire
Neuenahr;NNH;Voltaire
Henneburg;NNN;Voltaire
Naoned;NNT ;Voltaire
Nordhausen;NOA;Voltaire
Nordlingen;NOI;Voltaire
Narbonne;NRB ;Voltaire
Norderland;NRD ;Voltaire
Neris;NRS ;Voltaire
NorthRavensberg;NRV;Voltaire
Notangi;NTG ;Voltaire
Nurnberg;NUO;Voltaire
Novara;NVR ;Voltaire
Nysa;NYS;Voltaire
Obernai;OBR;Voltaire
Ochsenhausen;OCH;Voltaire
Oettingen;OET;Voltaire
Offenburg;OFF;Voltaire
Ostergo;OGO;Voltaire
Orihuela;OHI ;Voltaire
Oriel;OIE ;Voltaire
Overledingerland;OLL;Voltaire
Olesnica;OLS;Voltaire
Oltenia;OLT ;Voltaire
Ormond;OMO ;Voltaire
Osnabruck;ONB;Voltaire
Oneglia;ONE;Voltaire
Onut;ONT ;Voltaire
Onutului;ONU ;Voltaire
Opole;OPO;Voltaire
Orange;ORA;Voltaire
Ortenburg;ORT ;Voltaire
Osimo;OSI ;Voltaire
Ossory;OSS ;Voltaire
Oswiecim;OSW;Voltaire
Ottobeuren;OTB;Voltaire
Ottieri;OTT;Voltaire
Orvieto;OVI ;Voltaire
Orlamunde;OXR;Voltaire
Passau;PAA;Voltaire
Portucale;PCA ;Voltaire
Parchim;PCH ;Voltaire
Piacenza;PCZ ;Voltaire
Paguddi;PDD ;Voltaire
Paderborn;PDR;Voltaire
Petershausen;PET ;Voltaire
Pfeddersheim;PFE ;Voltaire
Pfullendorf;PFU;Voltaire
Perigord;PGD ;Voltaire
Peceneks;PHE ;Voltaire
Philadelphia;PHI ;Voltaire
Piedmont;PIE ;Voltaire
PallarsJussa;PJA ;Voltaire
Poleksia;PLK ;Voltaire
Palermo;PLM ;Voltaire
Pilsotas;PLS ;Voltaire
Pameddi;PMD ;Voltaire
Pembroke;PMK ;Voltaire
Pomeralia;PML ;Voltaire
Piemare;PMR ;Voltaire
Petrispanili;PNI ;Voltaire
Pinsk;PNK;Voltaire
Pentevr;PNT ;Voltaire
Piombino;POB;Voltaire
Poljica;POJ;Voltaire
Poitou;POU ;Voltaire
Philippopolis;PPO ;Voltaire
Pappenheim;PPP;Voltaire
Perugia;PRG;Voltaire
Primorje;PRJ ;Voltaire
Prilep;PRP ;Voltaire
Prato;PRT ;Voltaire
Peremyshl;PRY ;Voltaire
Deols;PRZ ;Voltaire
PallarsSobira;PSA ;Voltaire
Poschiavo;PSH ;Voltaire
Pesaro;PSO;Voltaire
Plesse;PSS ;Voltaire
Pistoia;PST ;Voltaire
Pruthenia;PTH;Voltaire
Pontremoli;PTM ;Voltaire
Pietramala;PTR;Voltaire
Puttlingen;PTT;Voltaire
Prum;PUM;Voltaire
Pavia;PVA ;Voltaire
PowysFadog;PWF ;Voltaire
Padua;PXU;Voltaire
Pyrmont;PYR;Voltaire
Powys;PYS ;Voltaire
Quedlinburg;QDL ;Voltaire
Querfurt;QRT ;Voltaire
Rappolstein;RAP;Voltaire
Raciborz;RCB;Voltaire
Rochefort;RCH;Voltaire
Rodez;RDZ ;Voltaire
Reims;REE ;Voltaire
Rheingraviate;REI ;Voltaire
Reutlingen;REU;Voltaire
Regensburg;RGB;Voltaire
Reggio;RGO;Voltaire
Rigastadt;RGS ;Voltaire
Rheiderland;RHD ;Voltaire
Ribagorza;RIB ;Voltaire
Riaciani;RII ;Voltaire
Romagna;RMG;Voltaire
Rimini;RMI;Voltaire
Ronda;RND ;Voltaire
Rieneck;RNK;Voltaire
Rothenburg;ROE;Voltaire
Romani;ROI ;Voltaire
Rolo;ROL;Voltaire
Rottenmunster;ROT;Voltaire
Ruppin;RPP;Voltaire
Rendsburg;RSB;Voltaire
Rosheim;RSH;Voltaire
Rostock;RST ;Voltaire
Reszek;RSZ ;Voltaire
Rietberg;RTG ;Voltaire
Rethel;RTL ;Voltaire
Rottenburg;RTT ;Voltaire
Ratzeburg;RTZ;Voltaire
Rum;RUM ;Voltaire
Ravenna;RVE;Voltaire
Ravenstein;RVS ;Voltaire
Rottweil;RWI;Voltaire
Ricklingen;RYL;Voltaire
Rustringen;RYS;Voltaire
Salona;SAA ;Voltaire
Saarbrucken;SAB ;Voltaire
Sambia;SAM;Voltaire
Straubing;SAU;Voltaire
Schonburg;SBB;Voltaire
SaintBlaise;SBL ;Voltaire
Schwyz;SCH;Voltaire
Scuria;SCR ;Voltaire
Scinawa;SCW;Voltaire
Strathclyde;SCY ;Voltaire
Stade;SDE ;Voltaire
Stendal;SDL ;Voltaire
Schlettstadt;SDT;Voltaire
Malopolska;SDZ ;Voltaire
Schaumberg;SEG;Voltaire
Selonia;SEO ;Voltaire
Stettin;SET;Voltaire
Sevilla;SEV ;Voltaire
Schaffhausen;SFF ;Voltaire
Sundgau;SGA;Voltaire
Spiegelberg;SGB;Voltaire
SouthGermanConfederation;SGC;Voltaire
Sargans;SGS ;Voltaire
Stuttgart;SGT ;Voltaire
Stargard;SGX;Voltaire
Schelklingen;SHK ;Voltaire
Heideck;SHT;Voltaire
Sofia;SIA ;Voltaire
Sieradz;SIR ;Voltaire
Silves;SIV ;Voltaire
SaintJulius;SJU;Voltaire
Skallawa;SKL ;Voltaire
Skane;SKN ;Voltaire
Sancerre;SKR ;Voltaire
Slutsk;SKS;Voltaire
Schwalenberg;SLB ;Voltaire
Salm;SLM;Voltaire
Salerno;SLR ;Voltaire
Solms;SLS;Voltaire
Slovenia;SLV;Voltaire
Solothurn;SLX;Voltaire
Schaumburg;SMB;Voltaire
Salem;SME;Voltaire
Senigallia;SMG;Voltaire
StabloMalmedy;SMM;Voltaire
SanMiniato;SMT ;Voltaire
SanMarino;SMX;Voltaire
StMoritz;SMZ;Voltaire
Sarsina;SNA ;Voltaire
Swidnica;SNC;Voltaire
Sandomierz;SND ;Voltaire
Sasni;SNI ;Voltaire
SantaFiora;SNO;Voltaire
Soest;SOE;Voltaire
Soule;SOU ;Voltaire
Sovana;SOV;Voltaire
Sponheim;SPH;Voltaire
Sprevani;SPR ;Voltaire
Spoleto;SPT;Voltaire
Speyer;SPY;Voltaire
Schussenried;SRR;Voltaire
Strassburg;SSF;Voltaire
Strasinetului;SSN ;Voltaire
BmStrassburg;SSS;Voltaire
SetteComuni;STC ;Voltaire
Stein;STE;Voltaire
Steinfurt;STF;Voltaire
Stralsund;STL ;Voltaire
Shantarin;STN ;Voltaire
Stolp;STP;Voltaire
Sitten;STT;Voltaire
StGallen;STX;Voltaire
Siaulia;SUA ;Voltaire
Sulz;SUZ ;Voltaire
Slavonia;SVA ;Voltaire
Severin;SVE ;Voltaire
Slesvig;SVG ;Voltaire
Savigliano;SVL ;Voltaire
Savona;SVO;Voltaire
SanSeverino;SVV;Voltaire
SwissBaden;SWB;Voltaire
SaxonWaldburg;SWG;Voltaire
Saarwerden;SWR ;Voltaire
Schweinfurt;SWW;Voltaire
Schwerin;SWX;Voltaire
Simmern;SXM;Voltaire
Stolberg;SXT;Voltaire
Syracusa;SYC ;Voltaire
Syrmia;SYM ;Voltaire
Sayn;SYN;Voltaire
Salza;SZA ;Voltaire
Szekelyfold;SZK ;Voltaire
Saluzzo;SZO;Voltaire
Schwarzburg;SZZ;Voltaire
Touraine;TAI ;Voltaire
Tethbae;TBE ;Voltaire
Triberg;TBG ;Voltaire
Tecklenburg;TCK;Voltaire
Tyrconnell;TCN ;Voltaire
Tredozio;TDZ ;Voltaire
Lebus;TFW;Voltaire
Toggenburg;TGG;Voltaire
Thengen;THG ;Voltaire
Thorn;THO;Voltaire
Ticino;TKN ;Voltaire
Toledo;TLD ;Voltaire
Trinacria;TNC ;Voltaire
Tonna;TNN;Voltaire
Tonnerre;TNR ;Voltaire
Tinos;TNS ;Voltaire
BmWorms;TOF;Voltaire
Toul;TOL;Voltaire
Tournai;TOR;Voltaire
Thurgau;TOX;Voltaire
Trapani;TPN ;Voltaire
Turckheim;TRK;Voltaire
Trent;TRN;Voltaire
Troppau;TRO;Voltaire
Tresana;TRS;Voltaire
Treviso;TRV ;Voltaire
Thassos;TSA ;Voltaire
Terschelling;TSL;Voltaire
Thessaloniki;TSS ;Voltaire
Trieste;TST;Voltaire
Tiszantul;TSZ ;Voltaire
Tortona;TTN ;Voltaire
Tortosa;TTO ;Voltaire
Tubingen;TUB ;Voltaire
TulachOg;TUC ;Voltaire
Truhendingen;TUG;Voltaire
Turov;TUV;Voltaire
Tavas;TVS ;Voltaire
Tervete;TVT ;Voltaire
Teck;TXC;Voltaire
TeallachEathach;TYH ;Voltaire
UiBairrche;UIB ;Voltaire
UiDiarmata;UID ;Voltaire
UiFailghe;UIF ;Voltaire
UiLiathain;UIL ;Voltaire
Uisnech;UIS ;Voltaire
Ukrani;UKN ;Voltaire
Uberlingen;ULL;Voltaire
UiMaine;UMA ;Voltaire
Umaill;UML ;Voltaire
Heinsberg;UNC;Voltaire
Ung;UNG ;Voltaire
UpperPalatinate;UPA ;Voltaire
Unspunnen;UPN ;Voltaire
Upyte;UPY ;Voltaire
Urach;URC ;Voltaire
Urgell;URG ;Voltaire
Uri;URI;Voltaire
Usora;USR ;Voltaire
Sausenburg;UUS;Voltaire
Vaihingen;VAI ;Voltaire
Valentinois;VAL;Voltaire
Vicenza;VCZ ;Voltaire
Verdun;VDD;Voltaire
Vaudemont;VDM;Voltaire
Vidin;VDN ;Voltaire
Vaud;VDX;Voltaire
VerdenFree;VEF ;Voltaire
Vogtland;VGT;Voltaire
Volhynia;VHN;Voltaire
Vianen;VIA ;Voltaire
Viviers;VIV;Voltaire
Veldenz;VLD;Voltaire
Vlahia;VLH ;Voltaire
Villingen;VLI ;Voltaire
Valencia;VLK ;Voltaire
Valais;VLL;Voltaire
Vlore;VLO ;Voltaire
Vlasia;VLS ;Voltaire
Volterra;VLT ;Voltaire
Valois;VLW ;Voltaire
Velay;VLY ;Voltaire
Ventimiglia;VMG;Voltaire
Porhoet;VNA ;Voltaire
Vendome;VND ;Voltaire
Vianden;VNE ;Voltaire
Veinala;VNL ;Voltaire
Verona;VNN;Voltaire
Vernio;VNO;Voltaire
Veringen;VRG ;Voltaire
Vares;VRS ;Voltaire
Vertus;VRT ;Voltaire
Vlasca;VSC ;Voltaire
Vexin;VXE ;Voltaire
Velbazhd;VZH ;Voltaire
WeissenburgAlsace;WAC;Voltaire
WeissenburgBavaria;WBV;Voltaire
Waldeck;WDK;Voltaire
Windsheim;WDS;Voltaire
Wied;WDX;Voltaire
Wertheim;WEE;Voltaire
Werden;WER ;Voltaire
Wolfenbuttel;WFB;Voltaire
Wolfach;WFC ;Voltaire
WestFrisia;WFR ;Voltaire
Wernigerode;WGD;Voltaire
Westergo;WGO;Voltaire
Wildgraviate;WGR ;Voltaire
Wolgast;WGS;Voltaire
Weingarten;WGT;Voltaire
Wildenberg;WHE;Voltaire
Wielkopolska;WKP ;Voltaire
Walkenried;WKR;Voltaire
Woldenberg;WLD ;Voltaire
Weil;WLL;Voltaire
Warmi;WMI ;Voltaire
Wangen;WNG ;Voltaire
Wople;WOP ;Voltaire
Wimpfen;WPF;Voltaire
Wroclaw;WRC;Voltaire
Werle;WRL ;Voltaire
Warmia;WRM;Voltaire
Wesel;WSL ;Voltaire
Wiesensteig;WSS;Voltaire
Westenberg;WST;Voltaire
Wiltberg;WTB ;Voltaire
Wittgenstein;WTG ;Voltaire
WallachianThessaly;WTH ;Voltaire
Waterford;WTY ;Voltaire
Hersfeld;WUZ;Voltaire
Swabia;WWS;Voltaire
Wexford;WXF ;Voltaire
Waldburg;WXL;Voltaire
Wursten;WYR;Voltaire
Wetzlar;WZL;Voltaire
Agen;XAG ;Voltaire
Aumale;XAU ;Voltaire
Auxerre;XAX ;Voltaire
Brienne;XBN ;Voltaire
Boulogne;XBO ;Voltaire
Barrois;XBR ;Voltaire
Beaumont;XBU ;Voltaire
Carlat;XCA ;Voltaire
Combraille;XCB ;Voltaire
Clermont;XCC ;Voltaire
Corbeil;XCI ;Voltaire
Chalon;XCL ;Voltaire
Comborn;XCM ;Voltaire
Courtenay;XCO ;Voltaire
Chatellerault;XCT ;Voltaire
Coucy;XCY ;Voltaire
Evreux;XEV ;Voltaire
Fezensac;XFZ ;Voltaire
Grandpre;XGP ;Voltaire
Guines;XGU ;Voltaire
Hesdin;XHS ;Voltaire
Joigny;XJG ;Voltaire
Joinville;XJV ;Voltaire
Labourd;XLA ;Voltaire
Lodeve;XLD ;Voltaire
Laval;XLL ;Voltaire
Lomagne;XLM ;Voltaire
Loudun;XLO ;Voltaire
LaTour;XLT ;Voltaire
Lusignan;XLU ;Voltaire
Macon;XMC ;Voltaire
Montfort;XMF ;Voltaire
Melgueil;XML ;Voltaire
Montpellier;XMP ;Voltaire
Mercoeur;XMR ;Voltaire
Marsan;XMS ;Voltaire
Perche;XPC ;Voltaire
Pardiac;XPD ;Voltaire
Porcien;XPE ;Voltaire
Parthenay;XPT ;Voltaire
Roucy;XRC ;Voltaire
Rouergue;XRU ;Voltaire
Retz;XRZ ;Voltaire
So;XSO ;Voltaire
SaintPol;XSP ;Voltaire
Soissons;XSS ;Voltaire
Thouars;XTA ;Voltaire
Thiers;XTH ;Voltaire
Turenne;XTR ;Voltaire
Tartas;XTT ;Voltaire
Venaissin;XVL ;Voltaire
Ventadour;XVT ;Voltaire
Louth;YBR ;Voltaire
York;YRK ;Voltaire
Ostringen;YST;Voltaire
Yotvingia;YTV ;Voltaire
Zagan;ZAG;Voltaire
ZweibruckenBitsch;ZBB;Voltaire
Zadrima;ZDR ;Voltaire
Zeeland;ZEE;Voltaire
Zell;ZEL ;Voltaire
Zemgali;ZGL ;Voltaire
Ziegenhain;ZGN;Voltaire
Zagare;ZGR ;Voltaire
Zaragoza;ZGZ ;Voltaire
Ziebice;ZIE;Voltaire
Zemzizi;ZII ;Voltaire
Zollern;ZLX;Voltaire
Samogitia;ZMG ;Voltaire
Zvenyhorod;ZNY ;Voltaire
Zutphen;ZTP ;Voltaire
Zug;ZUG;Voltaire
Zurich;ZUR;Voltaire
Zweibrucken;ZWB;Voltaire
Zwiefalten;ZWF;Voltaire
Zutphen;ZTP ;Voltaire
Rebels;REB ;Voltaire
Pirates;PIR ;Voltaire
Natives;NAT ;Voltaire
Sweden;SWE;Voltaire
Denmark;DAN;Voltaire
Gotland;GOT;Voltaire
Holstein;SHL;Voltaire
Livonia;LVA ;Voltaire
PrincipalityOfAchaia;ACH;Voltaire
Albania;ALB;Voltaire
Athens;ATH;Voltaire
Bosnia;BOS;Voltaire
Bulgaria;BUL;Voltaire
ByzantineEmpire;BYZ;Voltaire
Corfu;CEP;Voltaire
Croatia;CRO;Voltaire
Epirus;EPI;Voltaire
Greece;GRE;Voltaire
Knights;KNI;Voltaire
Morea;MOE;Voltaire
Moldavia;MOL;Voltaire
Montenegro;MON;Voltaire
Naxos;NAX;Voltaire
Ragusa;RAG;Voltaire
Romania;RMN;Voltaire
Serbia;SER;Voltaire
Transylvania;TRA;Voltaire
Wallachia;WAL;Voltaire
Hungary;HUN;Voltaire
Slovakia;SLO ;Voltaire
Ottomans;TUR;Voltaire
Connacht;CNN ;Voltaire
Cornwall;CRN;Voltaire
England;ENG;Voltaire
Leinster;LEI ;Voltaire
Ireland;IRE;Voltaire
Munster Eire;MNS ;Voltaire
Scotland;SCO;Voltaire
Tyrone;TYR ;Voltaire
Wales;WLS;Voltaire
Northumberland;NOL ;Voltaire
GreatBritain;GBR;Voltaire
Meath;MTH ;Voltaire
Ulster;ULS ;Voltaire
Desmond;DMS ;Voltaire
Sligo;SLN ;Voltaire
Kildare;KID ;Voltaire
Highlands;HSC ;Voltaire
Danzig;DNZ;Voltaire
Krakow;KRA;Voltaire
Lithuania;LIT;Voltaire
LivonianOrder;LIV;Voltaire
Mazovia;MAZ;Voltaire
Poland;POL;Voltaire
Prussia;PRU;Voltaire
Kurland;KUR;Voltaire
Riga;RIG;Voltaire
Teutonic Order;TEU;Voltaire
Commonwealth;PLC ;Voltaire
Volyn;VOL;Voltaire
Kiev;KIE;Voltaire
Alencon;ALE ;Voltaire
Alsace;ALS;Voltaire
Armagnac;AMG;Voltaire
Auvergne;AUV;Voltaire
Avignon;AVI;Voltaire
Bourbonnais;BOU;Voltaire
Brittany;BRI;Voltaire
Burgundy;BUR;Voltaire
Champagne;CHP;Voltaire
Corsica;COR;Voltaire
Dauphine;DAU;Voltaire
Foix;FOI;Voltaire
France;FRA;Voltaire
Gascony;GUY;Voltaire
Nevers;NEV;Voltaire
Normandy;NRM;Voltaire
Orleans;ORL;Voltaire
Picardy;PIC;Voltaire
Provence;PRO;Voltaire
Sardinia-Piedmont;SPI;Voltaire
Toulouse;TOU;Voltaire
Berry;BER;Voltaire
Aachen;AAC ;Voltaire
Anhalt;ANH;Voltaire
Ansbach;ANS;Voltaire
Augsburg;AUG ;Voltaire
Baden;BAD;Voltaire
Bavaria;BAV;Voltaire
Bohemia;BOH;Voltaire
Brandenburg;BRA;Voltaire
Bremen;BRE;Voltaire
Brunswick;BRU;Voltaire
East Frisia;EFR ;Voltaire
Frankfurt;FRN;Voltaire
Germany;GER;Voltaire
Austria;HAB;Voltaire
Hamburg;HAM;Voltaire
Hannover;HAN;Voltaire
Hessen;HES;Voltaire
Holy Roman Empire;HLR ;Voltaire
Kleves;KLE;Voltaire
Cologne;KOL;Voltaire
Lauenburg;LAU ;Voltaire
Lorraine;LOR;Voltaire
Luneburg;LUN;Voltaire
Magdeburg;MAG;Voltaire
Mainz;MAI;Voltaire
Meissen;MEI;Voltaire
Mecklenburg;MKL;Voltaire
Munster;MUN;Voltaire
Oldenburg;OLD;Voltaire
Pfalzgraviate;PAL;Voltaire
Pommerania;POM;Voltaire
Saxony;SAX;Voltaire
Silesia;SIL;Voltaire
Salzburg;SLZ;Voltaire
Styria;STY;Voltaire
Schweiz;SWI;Voltaire
Thuringia;THU;Voltaire
Tirol;TIR;Voltaire
Trier;TRI;Voltaire
Ulm;ULM ;Voltaire
Wurzburg;WBG;Voltaire
Westfalia;WES;Voltaire
Wurttemberg;WUR;Voltaire
Nuremberg;NUM ;Voltaire
Memmingen;MEM ;Voltaire
Verden;VER ;Voltaire
Nassau;NSA ;Voltaire
Ravensburg;RVA ;Voltaire
Aragon;ARA;Voltaire
Castille;CAS;Voltaire
Catalunya;CAT;Voltaire
Granada;GRA;Voltaire
Navarra;NAV;Voltaire
Portugal;POR;Voltaire
Spain;SPA;Voltaire
Galicia;GAL;Voltaire
Leon;LON ;Voltaire
Andalusia;ADU ;Voltaire
Aquileia;AQU;Voltaire
Etruria;ETR;Voltaire
Ferrara;FER;Voltaire
Genoa;GEN;Voltaire
Italy;ITA;Voltaire
Mantua;MAN;Voltaire
Milan;MLO;Voltaire
Modena;MOD;Voltaire
Naples;NAP;Voltaire
Papal;PAP;Voltaire
Parma;PAR;Voltaire
Pisa;PIS;Voltaire
Sardinia;SAR;Voltaire
Savoy;SAV;Voltaire
Sicily;SIC;Voltaire
Siena;SIE;Voltaire
Tuscany;TUS;Voltaire
Urbino;URB;Voltaire
Venice;VEN;Voltaire
Montferrat;MFA ;Voltaire
Lucca;LUC ;Voltaire
Florence;LAN;Voltaire
Malta;JAI;Voltaire
Brabant;BRB;Voltaire
Flanders;FLA;Voltaire
Friesland;FRI;Voltaire
Gelre;GEL;Voltaire
Hainaut;HAI;Voltaire
Holland;HOL;Voltaire
Liege;LIE;Voltaire
Luxembourg;LUX;Voltaire
Netherlands;NED;Voltaire
Utrecht;UTR;Voltaire
Pskov;PSK;Voltaire
Russia;RUS;Voltaire
Ukraine;UKR;Voltaire
Polotsk;PLT;Voltaire
Aydin;AYD;Voltaire
Saruhan;SRU;Voltaire
Mentese;MEN;Voltaire
Algiers;ALG;Voltaire
Tunisia;TUN;Voltaire
Kabylia;KBA ;Voltaire
Tlemcen;TLC ;Voltaire
Morocco;MOR ;Voltaire
Ghadames;GHD ;Voltaire
Bar;BAR;Voltaire
Hansa;HSA;Voltaire
Jan Mayen;JMN ;Voltaire
RomanEmpire;ROM ;Voltaire
